epoch,train_accuracy,validation_accuracy
0,0.26024097204208374,0.3017241358757019
1,0.4343373477458954,0.26293104887008667
2,0.46084338426589966,0.25431033968925476
3,0.4825301170349121,0.30603447556495667
4,0.47891566157341003,0.23275862634181976
5,0.4801204800605774,0.2801724076271057
6,0.4945783019065857,0.1551724076271057
7,0.4704819321632385,0.2715517282485962
8,0.4740963876247406,0.14224137365818024
9,0.46686747670173645,0.09913793206214905
