epoch,train_accuracy,validation_accuracy
0,0.25120481848716736,0.3232758641242981
1,0.42349398136138916,0.30603447556495667
2,0.471084326505661,0.26293104887008667
3,0.46987950801849365,0.20258620381355286
4,0.4680722951889038,0.2284482717514038
